Tarea,ID,Estado,Responsable,Apoyo,Área,Fase,Semana,Fecha límite,Prioridad,Estimación (h),Paso de la actividad,Archivos,Detalle
"Definir concepto, público y propuesta educativa del juego",DI-001,Hecho,Ana,Todos,Gestión,F0 · Prototipo jugable,S0,,,,Juego,README.md,"Juego web de acción y aprendizaje sobre prevención del dengue en Aguascalientes: cerrar criaderos, frenar contagios y salvar a Güero."
Investigar los datos del dengue con fuentes verificables,DI-002,Hecho,Ana,Ivan,Contenido educativo,F0 · Prototipo jugable,S0,,,,Juego,js/01b-datos-dengue.js,"10 envases con su medida correcta, 4 serotipos, señales de alarma, 21 fichas, 5 mitos y cifras reales de Aguascalientes y México. Fuentes: OMS, CDC, SSA, COFEPRIS, PLOS."
Documentar el proyecto en el README,DI-003,Hecho,Ivan,Ana,Documentación,F0 · Prototipo jugable,S0,,,,Juego,README.md,"Descripción, estructura de archivos, cómo ejecutar, controles de teclado y mando, capa educativa."
"Núcleo del motor: configuración, estados, PRNG con semilla y colisiones",DI-004,Hecho,Jared,,Backend,F0 · Prototipo jugable,S0,,,,Juego,js/01-nucleo.js,Tiempos en frames a 60 fps con dt normalizado (independiente del framerate); mulberry32 para niveles reproducibles por semilla; colisión AABB.
Sistema de entrada con detección de flancos (teclado y ratón),DI-005,Hecho,Jared,,Backend,F0 · Prototipo jugable,S0,,,,Juego,js/01-nucleo.js,"pulsada()/abajo(); acciones globales T (tienda), C (fichero), Esc (pausa), M (silencio), F3 (debug)."
"Jugador compartido 2D/3D: vida, estamina, dash, esquive y raqueta",DI-006,Hecho,Jared,,Backend,F0 · Prototipo jugable,S0,,,,Juego,js/03-jugador.js,"Frames de invulnerabilidad, cooldowns y castigo por parry fallido."
"Sistema de enfermedad: serotipos, fase febril y crítica, inmunidad y dengue grave",DI-007,Hecho,Jared,Ana,Backend,F0 · Prototipo jugable,S0,,,,Juego,js/03-jugador.js,"Paracetamol vs ibuprofeno (AINE), vacuna Qdenga que reduce el riesgo pero no lo elimina."
Generación procedural 2D por chunks con validación de jugabilidad,DI-008,Hecho,Jared,,Backend,F0 · Prototipo jugable,S0,,,,Juego,js/04-mundo2d-gen.js,"8 plantillas (llano, hueco, escalera, torre, flotantes, arena, criadero, tesoro); huecos y alturas limitados por la física real del salto."
Física y combate 2D,DI-009,Hecho,Jared,,Backend,F0 · Prototipo jugable,S0,,,,Juego,js/05-mundo2d-fisica.js,"Coyote time, buffer y salto variable; explosiones de barriles en cadena; armas: botas, repelente y abate."
IA 2D: 4 tipos de mosquito y criaderos que reponen enemigos,DI-010,Hecho,Jared,,Backend,F0 · Prototipo jugable,S0,,,,Juego,js/06-mundo2d-ia.js,"Zumbador, picador, enjambre (boids) y mutante; máximo 2 atacantes a la vez; aviso obligatorio antes de cada ataque."
Jefe final 2D de dos fases,DI-011,Hecho,Jared,Mau,Backend,F0 · Prototipo jugable,S0,,,,Juego,"js/06-mundo2d-ia.js, js/07-mundo2d-dibujo.js",Fase 1: devolver el orbe con la raqueta para bajar el escudo. Fase 2: esquivar la embestida y golpear el núcleo.
Generación procedural 3D por salas,DI-012,Hecho,Jared,Mau,Backend,F0 · Prototipo jugable,S0,,,,Juego,js/08-mundo3d-gen.js,"Salas conectadas con pasillos y atajos; BFS para poner la meta en la sala más lejana; salas de inicio, arena, criadero, botín y meta."
IA 3D de mosquitos y proyectiles,DI-013,Hecho,Jared,Mau,Backend,F0 · Prototipo jugable,S0,,,,Juego,js/10-mundo3d-ia.js,"Culling por distancia de niebla, separación entre mosquitos, parry 3D del orbe morado."
"Bucle principal, hitstop, manejo de errores y overlay de depuración (F3)",DI-014,Hecho,Jared,,Backend,F0 · Prototipo jugable,S0,,,,Juego,js/12-bucle.js,"FPS, ms de lógica y estadísticas de generación en pantalla; un error no deja la pantalla tapada."
Soporte de mando (Gamepad API),DI-015,Hecho,Jared,Mau,Backend,F0 · Prototipo jugable,S0,,,,Juego,"js/01c-mando.js, README.md","Xbox, PlayStation, Nintendo y genéricos; navegación de paneles con cruceta; vibración; autofuego en 3D."
Maqueta HTML: marco de 960×540 con rieles laterales,DI-016,Hecho,Mau,,Frontend,F0 · Prototipo jugable,S0,,,,Juego,index.html,"Fichero, tienda y panel de Güero viven a los lados: lo que se lee nunca tapa la acción."
"Hoja de estilos: HUD, menús, paneles y animaciones",DI-017,Hecho,Mau,,Frontend,F0 · Prototipo jugable,S0,,,,Juego,css/estilos.css,"Viñeta, estado febril y crítico, animación de la grieta, diseño adaptable a pantallas medianas."
"HUD: corazones, estamina, cooldowns, fiebre, serotipos y casos en la colonia",DI-018,Hecho,Mau,,Frontend,F0 · Prototipo jugable,S0,,,,Juego,js/11-flujo.js,
"Menús: principal con semilla, pausa, derrota, entre niveles y final",DI-019,Hecho,Mau,,Frontend,F0 · Prototipo jugable,S0,,,,Juego,js/11-flujo.js,"La pantalla entre niveles resume criaderos cerrados, casos y derriba un mito."
Tienda de prevención con 6 productos,DI-020,Hecho,Mau,Ana,Frontend,F0 · Prototipo jugable,S0,,,,Juego,"index.html, js/11-flujo.js","Repelente, abate, suero, paracetamol, ibuprofeno y vacuna, cada uno con su dato de la vida real."
Render 2D en canvas,DI-021,Hecho,Mau,,Frontend,F0 · Prototipo jugable,S0,,,,Juego,js/07-mundo2d-dibujo.js,"Cielo, skyline, plataformas, 10 envases, mosquitos con banda de color por serotipo, jefe, jugador y raqueta."
Motor 3D con Three.js,DI-022,Hecho,Mau,Jared,Frontend,F0 · Prototipo jugable,S0,,,,Juego,js/08-mundo3d-gen.js,"Niebla, muros instanciados en una sola draw call, partículas 3D en una sola geometría."
Jugador 3D en primera persona,DI-023,Hecho,Mau,,Frontend,F0 · Prototipo jugable,S0,,,,Juego,js/09-mundo3d-jugador.js,"Pointer lock, movimiento, salto, disparo y viewmodel animado de la raqueta."
Efectos visuales con pools preasignados,DI-024,Hecho,Mau,,Frontend,F0 · Prototipo jugable,S0,,,,Juego,js/02-efectos.js,"2400 partículas sin crear objetos dentro del bucle, ondas de choque, texto flotante, sacudida de cámara y hitstop."
Transición dimensional 2D → 3D (la grieta),DI-025,Hecho,Mau,Jared,Frontend,F0 · Prototipo jugable,S0,,,,Juego,"js/02-efectos.js, js/11-flujo.js","Cortina robusta: aunque la pestaña pierda el foco, la pantalla nunca se queda en blanco."
Brújula 3D y aviso de medidas junto a un envase,DI-026,Hecho,Mau,,Frontend,F0 · Prototipo jugable,S0,,,,Juego,js/11-flujo.js,"La flecha apunta al criadero más cercano, luego a Güero y al final al portal."
"Capa educativa: medidas LTVT, casos en la colonia, fichero y reportes",DI-027,Hecho,Ivan,Ana,Contenido educativo,F0 · Prototipo jugable,S0,,,,Juego,js/11b-educacion.js,"21 fichas que se desbloquean jugando, un mito por nivel, reporte final con cifras reales."
Final con Güero: rescate en fase crítica,DI-028,Hecho,Ivan,Ana,Contenido educativo,F0 · Prototipo jugable,S0,,,,Juego,js/11c-guero.js,"El desenlace depende de dar el medicamento correcto, llegar a tiempo y haber cerrado los criaderos. Sin azar."
Efectos de sonido procedurales con WebAudio,DI-029,Hecho,Gael,,Audio,F0 · Prototipo jugable,S0,,,,Juego,js/02-efectos.js,"12 efectos sintetizados sin archivos: salto, dash, parry, parry fallido, golpe, daño, explosión, moneda, disparo, aviso de ataque, nivel y muerte."
Silenciar y activar el audio (M o botón View/Share del mando),DI-030,Hecho,Gael,Jared,Audio,F0 · Prototipo jugable,S0,,,,Juego,js/01-nucleo.js,
Crear el workspace de Notion e invitar al equipo,DI-101,Por hacer,Ana,,Gestión,F1 · Organización del equipo (Paso 1),S1,2026-10-06,P0,1,Paso 1,docs/notion/,Workspace «Dengue Inc» con Ana como única miembro y los otros 4 como invitados con permiso de edición (así el plan gratis no tiene límite de bloques). Páginas y bases de datos importadas de docs/notion/.
Página «Visión y propósito del equipo»,DI-102,Por hacer,Ana,Todos,Gestión,F1 · Organización del equipo (Paso 1),S1,2026-10-06,P0,1,Paso 1,docs/notion/Dengue Inc.md,"Visión, propósito y métricas de éxito en la portada 🦟 Dengue Inc."
Página «Roles y fortalezas»,DI-103,Por hacer,Ana,Todos,Gestión,F1 · Organización del equipo (Paso 1),S1,2026-10-06,P0,1,Paso 1,docs/notion/paginas/Roles y fortalezas.md,Cada integrante escribe su fortaleza y por qué toma su rol; queda quién revisa los PRs de quién.
Importar el tablero de tareas y crear sus vistas,DI-104,Por hacer,Ana,,Gestión,F1 · Organización del equipo (Paso 1),S1,2026-10-06,P0,1,Paso 1,docs/notion/paginas/Tareas.csv,"Base de datos con vistas: tablero por Estado, por Responsable, línea de tiempo por Fecha límite y gráfica de avance."
Servidor de Discord con canales y roles,DI-105,Por hacer,Ana,Ivan,Comunicación,F1 · Organización del equipo (Paso 1),S1,2026-10-06,P0,1,Paso 1,,Canales #anuncios #general #daily #dev #github-bot #audio #diseño #kudos y uno de voz; un rol por área.
"Rituales del equipo: daily, revisión del tablero y kudos semanales",DI-106,Por hacer,Ana,Todos,Gestión,F1 · Organización del equipo (Paso 1),S1,2026-10-06,P1,2,Paso 1,,"Daily en #daily (ayer / hoy / bloqueos); los lunes se revisa el tablero; los viernes, kudos en #kudos."
Entregar el link del workspace (Paso 1),DI-107,Por hacer,Ana,,Gestión,F1 · Organización del equipo (Paso 1),S1,2026-10-06,P0,0.5,Paso 1,,"Link con permiso de lectura que muestra visión, propósito y roles. Entrega: 6 de octubre."
Invitar a los 5 como colaboradores del repositorio,DI-201,Por hacer,Jared,,DevOps,F2 · Flujo de trabajo en GitHub (Paso 2),S2,2026-10-13,P0,0.5,Paso 2,,Todos aceptan la invitación y pueden crear ramas y abrir PRs.
"CONTRIBUTING.md: ramas, formato de commits y cómo pedir y aprobar cambios",DI-202,Por hacer,Ivan,Jared,Documentación,F2 · Flujo de trabajo en GitHub (Paso 2),S2,2026-10-13,P0,2,Paso 2,CONTRIBUTING.md,"Flujo feature/* → develop → main, Conventional Commits y checklist de revisión."
Plantillas de Pull Request y de issues (bug / mejora),DI-203,Por hacer,Jared,Ivan,DevOps,F2 · Flujo de trabajo en GitHub (Paso 2),S2,2026-10-13,P0,1,Paso 2,.github/,"Cada PR pide: qué cambia, tarea de Notion, cómo probarlo y checklist de terminado."
CODEOWNERS por área,DI-204,Por hacer,Jared,,DevOps,F2 · Flujo de trabajo en GitHub (Paso 2),S2,2026-10-13,P1,0.5,Paso 2,.github/CODEOWNERS,"Audio → Gael; HTML, CSS, 2D y 3D → Mau; datos educativos → Ana; docs → Ivan; motor → Jared. GitHub pide la revisión solo."
Proteger las ramas main y develop,DI-205,Por hacer,Jared,,DevOps,F2 · Flujo de trabajo en GitHub (Paso 2),S2,2026-10-13,P0,0.5,Paso 2,,"PR obligatorio, 1 aprobación de alguien que no sea el autor, sin push directo ni force push. El check «Validar» se vuelve obligatorio en cuanto exista (DI-301)."
Etiquetas del repositorio por área y prioridad,DI-206,Por hacer,Ivan,,DevOps,F2 · Flujo de trabajo en GitHub (Paso 2),S2,2026-10-13,P2,0.5,Paso 2,,"area:audio, area:frontend, area:backend, area:docs, area:qa, P0, P1, P2, bug."
Primer PR real siguiendo el flujo: subir el roadmap,DI-207,Por hacer,Jared,Ana,Documentación,F2 · Flujo de trabajo en GitHub (Paso 2),S2,2026-10-13,P0,0.5,Paso 2,docs/,"PR de docs/ROADMAP.md y docs/notion/ hacia develop, revisado y aprobado por Ana."
Evidencia del Paso 2,DI-208,Por hacer,Ana,Jared,Gestión,F2 · Flujo de trabajo en GitHub (Paso 2),S2,2026-10-13,P0,0.5,Paso 2,,Capturas de las reglas de protección y del PR revisado (DI-207). Entrega: 13 de octubre.
GitHub Action «Validar» en cada PR,DI-301,Por hacer,Jared,,DevOps,F3 · Automatización y publicación (Pasos 3 y 4),S3,2026-10-20,P0,3,Paso 3,.github/workflows/validar.yml,"Falla si: un .js tiene error de sintaxis, index.html carga un script que no existe, los ?v= no coinciden con BUILD, o una ficha o mito no cita fuente. Queda como check obligatorio en main y develop."
Validar el título del PR (Conventional Commits),DI-302,Por hacer,Jared,,DevOps,F3 · Automatización y publicación (Pasos 3 y 4),S3,2026-10-20,P1,1,Paso 3,.github/workflows/validar.yml,«cambios» falla; «feat(audio): tema del menú» pasa.
Webhook de Discord guardado como secreto en GitHub,DI-303,Por hacer,Ana,Jared,DevOps,F3 · Automatización y publicación (Pasos 3 y 4),S3,2026-10-20,P0,0.5,Paso 3,,Webhook del canal #github-bot guardado como secreto DISCORD_WEBHOOK; nunca en el código.
GitHub Action «Kudos bot»: felicitar en Discord cada PR fusionado,DI-304,Por hacer,Jared,,DevOps,F3 · Automatización y publicación (Pasos 3 y 4),S3,2026-10-20,P0,2,Paso 3,.github/workflows/kudos.yml,"Al fusionar un PR llega a Discord un mensaje con autor, revisor, título y enlace, en segundos."
Video de 30 s de la automatización (Paso 3),DI-305,Por hacer,Ivan,Ana,Documentación,F3 · Automatización y publicación (Pasos 3 y 4),S3,2026-10-20,P0,1,Paso 3,,En una sola toma: PR → CI en verde → merge → mensaje en Discord. Entrega: 20 de octubre.
Publicar el juego en GitHub Pages desde main,DI-306,Por hacer,Jared,,DevOps,F3 · Automatización y publicación (Pasos 3 y 4),S4,2026-10-27,P0,1,Paso 4,.github/workflows/pages.yml,https://jared-rodriguezdelacruz.github.io/dengue_inc/ carga el juego y se actualiza en cada merge a main (Pages gratis requiere repo público).
Cache-busting automático al desplegar,DI-307,Por hacer,Jared,,DevOps,F3 · Automatización y publicación (Pasos 3 y 4),S4,2026-10-27,P1,1,Paso 4,.github/workflows/pages.yml,El deploy cambia ?v= y BUILD por el SHA del commit: ya no hay que subirlos a mano.
Monitor de UptimeRobot para la página del juego,DI-308,Por hacer,Ivan,Jared,Métricas,F3 · Automatización y publicación (Pasos 3 y 4),S4,2026-10-27,P0,0.5,Paso 4,,Monitor tipo Keyword (busca «Dengue» en la página) cada 5 min; alertas por correo al equipo.
Página de estado pública de UptimeRobot (Paso 4),DI-309,Por hacer,Ivan,,Métricas,F3 · Automatización y publicación (Pasos 3 y 4),S4,2026-10-27,P0,0.5,Paso 4,README.md,"Link público en el README, en Notion y en las slides. Entrega: 27 de octubre."
"Badges en el README (CI, deploy, uptime)",DI-310,Por hacer,Ivan,,Documentación,F3 · Automatización y publicación (Pasos 3 y 4),S4,2026-10-27,P2,0.5,Paso 4,README.md,
Gráfica de avance en Notion (% de tareas hechas),DI-311,Por hacer,Ana,,Métricas,F3 · Automatización y publicación (Pasos 3 y 4),S4,2026-10-27,P1,0.5,Paso 4,,Vista de gráfica por Estado en la base de tareas.
Dirección musical y lista de pistas,DI-401,Por hacer,Gael,Ana,Audio,"F4 · Juego: audio, pulido y calidad",S2,2026-10-13,P0,2,Juego,,"Llenar la página 🎵 Dirección musical (ya creada en Notion): referencias, BPM e instrumentación por contexto (menú, 2D, 3D, jefe, final) y la decisión: pistas propias o con licencia libre (CC0)."
"Mezclador de audio: buses master, música y SFX",DI-402,Por hacer,Jared,Gael,Audio,"F4 · Juego: audio, pulido y calidad",S3,2026-10-20,P0,3,Juego,js/02-efectos.js,Hoy cada sonido va directo a la salida. Todo pasa por GainNodes y M silencia también la música.
Reproductor de música con transiciones suaves,DI-403,Por hacer,Jared,Gael,Audio,"F4 · Juego: audio, pulido y calidad",S4,2026-10-27,P0,4,Juego,"js/02-efectos.js, js/11-flujo.js","Crossfade al cambiar de nivel o de estado; arranca con el clic de Iniciar; sigue funcionando al abrir index.html con doble clic (HTMLAudioElement, no fetch)."
Tema del menú principal,DI-404,Por hacer,Gael,,Audio,"F4 · Juego: audio, pulido y calidad",S4,2026-10-27,P0,5,Juego,audio/,"Loop limpio de 60 a 90 s en MP3, menos de 1.5 MB."
Tema de los niveles 2D (la colonia),DI-405,Por hacer,Gael,,Audio,"F4 · Juego: audio, pulido y calidad",S5,2026-11-03,P0,6,Juego,audio/,Energía de plataformas; deja espacio para que se escuchen los SFX.
Tema de los niveles 3D (laberinto con niebla),DI-406,Por hacer,Gael,,Audio,"F4 · Juego: audio, pulido y calidad",S6,2026-11-10,P0,6,Juego,audio/,Más ambiental y tenso que el tema 2D.
Efectos de sonido nuevos,DI-407,Por hacer,Gael,,Audio,"F4 · Juego: audio, pulido y calidad",S6,2026-11-10,P1,5,Juego,js/02-efectos.js,"Uno por medida (lava, tapa, voltea, tira), zumbido de mosquito posicional en 3D, pasos en 3D, sonidos de UI, ficha desbloqueada y portal."
Tema del jefe con subida de intensidad en la fase 2,DI-408,Por hacer,Gael,,Audio,"F4 · Juego: audio, pulido y calidad",S7,2026-11-17,P1,5,Juego,audio/,Capa extra o pista distinta al romperse el escudo.
Música del final con Güero y jingles de victoria y derrota,DI-409,Por hacer,Gael,,Audio,"F4 · Juego: audio, pulido y calidad",S7,2026-11-17,P1,4,Juego,audio/,Latido que se acelera con su fase crítica; un jingle por desenlace.
Música adaptativa a la fiebre,DI-410,Por hacer,Gael,Jared,Audio,"F4 · Juego: audio, pulido y calidad",S8,2026-11-24,P2,2,Juego,js/02-efectos.js,"Filtro paso-bajo en fase febril, más marcado en fase crítica; se quita al curarse."
Reusar los buffers de ruido en ruido(),DI-411,Por hacer,Jared,Gael,Audio,"F4 · Juego: audio, pulido y calidad",S6,2026-11-10,P2,1,Juego,js/02-efectos.js,Hoy se crea un buffer nuevo en cada golpe o explosión; se precalcula una sola vez.
Créditos y licencias del audio,DI-412,Por hacer,Gael,,Audio,"F4 · Juego: audio, pulido y calidad",S8,2026-11-24,P0,0.5,Juego,README.md,Autor y licencia de cada pista en el README y en la pantalla de créditos.
Unificar la marca «Dengue Inc»,DI-420,Por hacer,Mau,Ana,Frontend,"F4 · Juego: audio, pulido y calidad",S2,2026-10-13,P0,2,Juego,"index.html, js/11-flujo.js","Hoy conviven «Dengue Inc» (README), «Dengue: Multiverso» (menú) y «Dengue: Multiverso Aguascalientes v2» (pestaña). Un solo nombre, logo y favicon."
Incluir Three.js dentro del repositorio,DI-421,Por hacer,Mau,,Frontend,"F4 · Juego: audio, pulido y calidad",S2,2026-10-13,P0,0.5,Juego,index.html,Hoy se carga del CDN: sin internet los niveles 2 y 5 no funcionan. Copia local de r128 como respaldo.
Pantalla de créditos con el equipo y sus roles,DI-422,Por hacer,Mau,,Frontend,"F4 · Juego: audio, pulido y calidad",S4,2026-10-27,P0,2,Juego,js/11-flujo.js,Se abre desde el menú y al terminar el juego; incluye créditos de audio.
Menú de opciones,DI-423,Por hacer,Mau,Gael,Frontend,"F4 · Juego: audio, pulido y calidad",S5,2026-11-03,P1,4,Juego,"js/11-flujo.js, css/estilos.css","Volumen de música y SFX, sensibilidad 3D, reducir destellos y sacudidas; se guarda entre sesiones (DI-440)."
Aviso en celulares y pantallas pequeñas,DI-424,Por hacer,Mau,,Frontend,"F4 · Juego: audio, pulido y calidad",S5,2026-11-03,P1,1,Juego,css/estilos.css,El Demo Day se abrirá el link desde celulares: explicar que se juega con teclado o mando.
Serotipos distinguibles sin depender del color (2D y 3D),DI-425,Por hacer,Mau,,Frontend,"F4 · Juego: audio, pulido y calidad",S6,2026-11-10,P1,4,Juego,"js/07-mundo2d-dibujo.js, js/08-mundo3d-gen.js",DENV-2 (rojo) y DENV-4 (verde) se confunden con daltonismo: añadir número o patrón en mosquitos y proyectiles.
Tutorial interactivo en el nivel 1,DI-426,Por hacer,Mau,Jared,Frontend,"F4 · Juego: audio, pulido y calidad",S6,2026-11-10,P1,5,Juego,"js/04-mundo2d-gen.js, js/11-flujo.js","Carteles contextuales la primera vez: moverse, saltar, dash, raqueta y las 4 medidas."
Pulido visual 3D: texturas procedurales y luz por tipo de sala,DI-427,Por hacer,Mau,,Frontend,"F4 · Juego: audio, pulido y calidad",S7,2026-11-17,P2,6,Juego,js/08-mundo3d-gen.js,
Fichero con filtros por categoría y animación de ficha nueva,DI-428,Por hacer,Mau,Ivan,Frontend,"F4 · Juego: audio, pulido y calidad",S7,2026-11-17,P2,3,Juego,js/11b-educacion.js,
Modelos 3D más detallados de envases y de Güero,DI-429,Por hacer,Mau,,Frontend,"F4 · Juego: audio, pulido y calidad",S8,2026-11-24,P2,6,Juego,"js/08-mundo3d-gen.js, js/11c-guero.js","Con primitivas de Three.js, sin archivos externos."
Controles táctiles en pantalla,DI-430,Por hacer,Mau,Jared,Frontend,"F4 · Juego: audio, pulido y calidad",S8,2026-11-24,P2,8,Juego,,Stick y botones táctiles para los niveles 2D.
Guardado local de opciones y progreso,DI-440,Por hacer,Jared,,Backend,"F4 · Juego: audio, pulido y calidad",S5,2026-11-03,P1,3,Juego,js/01-nucleo.js,"Opciones, fichas desbloqueadas y mejor resultado por semilla en localStorage; si el navegador lo bloquea, el juego sigue funcionando."
Minimapa 3D,DI-441,Por hacer,Jared,Mau,Backend,"F4 · Juego: audio, pulido y calidad",S7,2026-11-17,P2,5,Juego,,"Salas descubiertas, criaderos pendientes y portal."
Selector de dificultad,DI-442,Por hacer,Jared,Ana,Backend,"F4 · Juego: audio, pulido y calidad",S7,2026-11-17,P2,3,Juego,js/01-nucleo.js,"Fácil y Normal: vida, daño y ritmo de los criaderos."
Logros dentro del juego,DI-443,Por hacer,Jared,Mau,Backend,"F4 · Juego: audio, pulido y calidad",S8,2026-11-24,P2,4,Juego,js/11b-educacion.js,Por ejemplo «Cerraste 10 criaderos sin atajos» o «Salvaste a Güero»; aparecen en el reporte final.
Arreglar los bugs críticos del playtest,DI-444,Por hacer,Jared,Mau,Backend,"F4 · Juego: audio, pulido y calidad",S8,2026-11-24,P0,4,Juego,,Todo hallazgo P0 del playtest 1 (DI-454) queda cerrado antes del playtest 2.
Plan de pruebas por nivel,DI-450,Por hacer,Ivan,,QA,"F4 · Juego: audio, pulido y calidad",S2,2026-10-13,P0,3,Juego,docs/,"Checklist de los 5 niveles con teclado y con mando, en Chrome, Edge y Firefox."
Semillas de regresión,DI-451,Por hacer,Ivan,Jared,QA,"F4 · Juego: audio, pulido y calidad",S5,2026-11-03,P1,1,Juego,docs/,3 a 5 semillas fijas documentadas para reproducir bugs.
Prueba de rendimiento con el overlay F3,DI-452,Por hacer,Ivan,Mau,QA,"F4 · Juego: audio, pulido y calidad",S6,2026-11-10,P1,2,Juego,,En la laptop más modesta del equipo: 60 fps en 2D y al menos 45 en 3D.
Revisión de exactitud del contenido educativo,DI-453,Por hacer,Ana,Ivan,Contenido educativo,"F4 · Juego: audio, pulido y calidad",S6,2026-11-10,P1,2,Juego,js/01b-datos-dengue.js,"Fuentes vigentes (OMS, SSA, COFEPRIS) y cifras de Aguascalientes actualizadas."
Playtest 1 con 3 a 5 personas externas,DI-454,Por hacer,Ivan,Todos,QA,"F4 · Juego: audio, pulido y calidad",S7,2026-11-17,P1,3,Juego,,Cada hallazgo se registra como tarea en Notion con su prioridad.
Playtest 2 con los arreglos,DI-455,Por hacer,Ivan,Todos,QA,"F4 · Juego: audio, pulido y calidad",S8,2026-11-24,P1,2,Juego,,"Otras personas, misma checklist; confirma que los bugs críticos ya no aparecen."
Vista previa al compartir el link (Open Graph),DI-456,Por hacer,Ivan,Mau,Documentación,"F4 · Juego: audio, pulido y calidad",S8,2026-11-24,P2,1,Juego,index.html,"Título, descripción e imagen al pegar el link en Discord o WhatsApp."
Encuesta de aprendizaje al terminar (Google Forms),DI-457,Por hacer,Ana,Jared,Contenido educativo,"F4 · Juego: audio, pulido y calidad",S8,2026-11-24,P2,2,Paso 4,,Botón en la pantalla final con 3 preguntas; respuestas en Sheets para medir el impacto educativo.
Cada integrante publica un kudos genuino a otro compañero,DI-501,Por hacer,Todos,,Cultura,F5 · Cultura de reconocimiento y cierre (Paso 5),S8,2026-11-24,P0,0.5,Paso 5,,"5 mensajes en #kudos, en rotación para que todos den y reciban uno."
Evidencia de los kudos,DI-502,Por hacer,Ana,Ivan,Cultura,F5 · Cultura de reconocimiento y cierre (Paso 5),S8,2026-11-24,P0,0.5,Paso 5,,"Capturas de #kudos y de la galería 🏆 Kudos en Notion, incluidas las de semanas anteriores."
Métricas para las slides,DI-503,Por hacer,Ivan,,Métricas,F5 · Cultura de reconocimiento y cierre (Paso 5),S9,2026-11-29,P0,1,Paso 5,,"Uptime, PRs por integrante, % de tareas hechas, número de kudos y de ejecuciones de CI."
Slides del Demo Day,DI-504,Por hacer,Ana,Mau,Presentación,F5 · Cultura de reconocimiento y cierre (Paso 5),S9,2026-11-29,P0,6,Paso 5,,"5 a 7 min: problema, demo, herramientas, cultura, métricas y aprendizajes (guion en la página 🎤 Demo Day)."
Video de respaldo del gameplay,DI-505,Por hacer,Ivan,Gael,Presentación,F5 · Cultura de reconocimiento y cierre (Paso 5),S9,2026-11-29,P0,3,Paso 5,,"1 a 2 min con la música nueva, por si falla la demo en vivo."
Release v2.0: proyecto terminado,DI-506,Por hacer,Jared,Todos,DevOps,F5 · Cultura de reconocimiento y cierre (Paso 5),S9,2026-11-29,P0,1,Paso 5,,"develop → main, tag v2.0 y notas de versión en GitHub Releases. A partir de aquí el código se congela. Fecha: 29 de noviembre."
Testing final de la versión publicada,DI-601,Por hacer,Ivan,Todos,QA,F6 · Testing final y Demo Day (Paso 6),S10,2026-12-04,P0,3,Paso 6,,Plan de pruebas completo y semillas de regresión sobre GitHub Pages. Solo se arreglan bugs P0; lo demás se documenta.
Ensayo general cronometrado,DI-602,Por hacer,Ana,Todos,Presentación,F6 · Testing final y Demo Day (Paso 6),S10,2026-12-04,P0,1,Paso 6,,"Menos de 7 min, con la demo y el video de respaldo listos."
Presentación en vivo,DI-603,Por hacer,Todos,,Presentación,F6 · Testing final y Demo Day (Paso 6),S10,2026-12-04,P0,,Paso 6,,
Formulario de evaluación entre equipos,DI-604,Por hacer,Todos,,Presentación,F6 · Testing final y Demo Day (Paso 6),S10,2026-12-04,P0,0.5,Paso 6,,
Retrospectiva final en Notion,DI-605,Por hacer,Ana,Todos,Gestión,F6 · Testing final y Demo Day (Paso 6),S10,2026-12-04,P1,1,Paso 6,,"En la página 🎤 Demo Day: qué funcionó, qué no y qué haríamos distinto."
